-- @formatter:off




/*==============================================================*/
/* 权限服务(skillfull_auth_service)                              */
/*==============================================================*/
BEGIN;
-- 初始化用户
DELETE FROM `sys_rbac_user`;
INSERT INTO `sys_rbac_user` ( `user_id`, `user_name`, `nick_name`, `real_name`, `password`, `salt`, `birthday`, `user_status`, `enable_delete` ) VALUES ( '1444190920879161344', 'admin', '大头虾', 'zxiaozhou', '$2a$10$nW2zo/n3Zi7ips2R6AJ4Y.lijQ4YULCrYFU4NL2SyZcLWZmTh6Qty', 'f5e032fa7afd627627c1a047db77926e', '1987-10-26', 1, 1 );
INSERT INTO `sys_rbac_user` (`user_id`, `user_name`, `nick_name`, `real_name`, `password`, `salt`, `birthday`, `user_status`, `enable_delete`) VALUES ('1547044236679495680', 'demo', '安一兰芯', '安一兰芯', '$2a$10$iMndoMBtXgTnNaQoIjk3hOT9hl8SYgZXw3cO63SD9k5Jp7j0oJgm6', '59b155cc82fbbb633f0e0c0e171a8eb9', '1987-10-26', 1, 1);

-- 初始化角色
DELETE FROM `sys_rbac_role`;
INSERT INTO `sys_rbac_role` (`role_id`, `role_name`, `role_sys_code`, `role_code`, `enable_delete`, `auto_bind`, `role_status`, `remark`) VALUES ('1314235356968173568', '超级管理员', 'A0001', 'SUPER_ADMIN', 0, 0, 1, '系统最高权限,不可修改');
INSERT INTO `sys_rbac_role` (`role_id`, `role_name`, `role_sys_code`, `role_code`, `enable_delete`, `auto_bind`, `role_status`, `remark`) VALUES ('1544242595517480960', '演示', 'A0002', 'demo', 0, 0, 1, '演示角色，限制部分资源功能权限');

-- 初始化角色用户关联
DELETE FROM `sys_rbac_role_user`;
INSERT INTO `skillfull_system_service`.`sys_rbac_role_user` (`role_user_id`, `user_id`, `role_id`) VALUES ('1547045379262431232', '1444190920879161344', '1314235356968173568');
INSERT INTO `skillfull_system_service`.`sys_rbac_role_user` (`role_user_id`, `user_id`, `role_id`) VALUES ('1547146230060597248', '1547044236679495680', '1544242595517480960');

-- 初始化系统信息表
DELETE FROM `sys_rbac_system`;
INSERT INTO `sys_rbac_system` ( `system_id`, `system_name`, `system_code` ) VALUES ( '1444196303513370624', '基础系统', 'BASE_SYSTEM' );
-- 初始化客户端表
DELETE FROM `sys_rbac_client_details`;
INSERT INTO `sys_rbac_client_details` (`limit_resource`, `client_detail_id`, `client_id`, `client_name`, `client_ico`, `client_security`, `authorized_grant_types`, `hava_scoped`, `scopes`, `endpoints`, `client_status`, `hava_auto_approve`, `access_token_validity_seconds`, `refresh_token_validity_seconds`, `code_validity_seconds`, `additional_information`, `remark`) VALUES (0, '1498124212988592128', 'skillfull', 'skillfull', '/file/20220626/1541122476134154241.jpg', '$2a$10$e6k1do/pFNilZOVdisbqPu.0lLjhi748GCrdHdGcsD0pp0HbrawqK', '[\"picture_code\", \"sms_code\", \"client_credentials\", \"authorization_code\", \"open_id\", \"refresh_token\"]', 0, '[\"web\"]', '[\"web\"]', 1, 1, 1800000, 3600000, 300, NULL, 'skillfull基础系统');

-- 初始化自定义过滤器
DELETE FROM `sys_manage_custom_filter`;
INSERT INTO `sys_manage_custom_filter` (`custom_filter_id`, `service_id`, `filter_name`, `filter_type_name`, `filter_type`, `filter_status`, `rules`, `have_special`, `enable_delete`, `remark`) VALUES ('1473646749495640064', '1473645579486150656', '权限校验', '鉴权', 'Authorize', 1, NULL, 1, 1, NULL);
INSERT INTO `sys_manage_custom_filter` (`custom_filter_id`, `service_id`, `filter_name`, `filter_type_name`, `filter_type`, `filter_status`, `rules`, `have_special`, `enable_delete`, `remark`) VALUES ('1473646876906012672', '1473645989445812224', '权限校验', '鉴权', 'Authorize', 1, NULL, 0, 1, NULL);
INSERT INTO `sys_manage_custom_filter` (`custom_filter_id`, `service_id`, `filter_name`, `filter_type_name`, `filter_type`, `filter_status`, `rules`, `have_special`, `enable_delete`, `remark`) VALUES ('1473647082124918784', '1473645934588510208', '权限校验', '鉴权', 'Authorize', 0, NULL, 0, 1, NULL);
INSERT INTO `sys_manage_custom_filter` (`custom_filter_id`, `service_id`, `filter_name`, `filter_type_name`, `filter_type`, `filter_status`, `rules`, `have_special`, `enable_delete`, `remark`) VALUES ('1473647138848686080', '1473645881195020288', '权限校验', '鉴权', 'Authorize', 0, NULL, 0, 1, NULL);
INSERT INTO `sys_manage_custom_filter` (`custom_filter_id`, `service_id`, `filter_name`, `filter_type_name`, `filter_type`, `filter_status`, `rules`, `have_special`, `enable_delete`, `remark`) VALUES ('1473647190564454400', '1473645818154631168', '权限校验', '鉴权', 'Authorize', 0, NULL, 0, 1, NULL);
INSERT INTO `sys_manage_custom_filter` (`custom_filter_id`, `service_id`, `filter_name`, `filter_type_name`, `filter_type`, `filter_status`, `rules`, `have_special`, `enable_delete`, `remark`) VALUES ('1473647241110011904', '1473645759279185920', '权限校验', '鉴权', 'Authorize', 0, NULL, 0, 1, NULL);
INSERT INTO `sys_manage_custom_filter` (`custom_filter_id`, `service_id`, `filter_name`, `filter_type_name`, `filter_type`, `filter_status`, `rules`, `have_special`, `enable_delete`, `remark`) VALUES ('1473647467262689280', '1473645695857115136', '权限校验', '鉴权', 'Authorize', 0, NULL, 1, 1, NULL);
INSERT INTO `sys_manage_custom_filter` (`custom_filter_id`, `service_id`, `filter_name`, `filter_type_name`, `filter_type`, `filter_status`, `rules`, `have_special`, `enable_delete`, `remark`) VALUES ('1473647582018846720', '1473645636306386944', '权限校验', '鉴权', 'Authorize', 0, NULL, 0, 1, NULL);
INSERT INTO `sys_manage_custom_filter` (`custom_filter_id`, `service_id`, `filter_name`, `filter_type_name`, `filter_type`, `filter_status`, `rules`, `have_special`, `enable_delete`, `remark`) VALUES ('1473647631306113024', '1473645393087086592', '权限校验', '鉴权', 'Authorize', 0, NULL, 0, 1, NULL);
INSERT INTO `sys_manage_custom_filter` (`custom_filter_id`, `service_id`, `filter_name`, `filter_type_name`, `filter_type`, `filter_status`, `rules`, `have_special`, `enable_delete`, `remark`) VALUES ('1473647784029110272', '1473645294244118528', '权限校验', '鉴权', 'Authorize', 0, NULL, 1, 1, NULL);
INSERT INTO `sys_manage_custom_filter` (`custom_filter_id`, `service_id`, `filter_name`, `filter_type_name`, `filter_type`, `filter_status`, `rules`, `have_special`, `enable_delete`, `remark`) VALUES ('1474432647829176320', '1473645934588510208', '权限校验-放行swagger', '鉴权', 'Authorize', 1, NULL, 1, 1, NULL);
INSERT INTO `sys_manage_custom_filter` (`custom_filter_id`, `service_id`, `filter_name`, `filter_type_name`, `filter_type`, `filter_status`, `rules`, `have_special`, `enable_delete`, `remark`) VALUES ('1474436340800602112', '1473645881195020288', '权限校验--放行swagger', '鉴权', 'Authorize', 1, NULL, 1, 1, NULL);
INSERT INTO `sys_manage_custom_filter` (`custom_filter_id`, `service_id`, `filter_name`, `filter_type_name`, `filter_type`, `filter_status`, `rules`, `have_special`, `enable_delete`, `remark`) VALUES ('1474436628664074240', '1473645818154631168', '权限校验--放行swagger', '鉴权', 'Authorize', 1, NULL, 1, 1, NULL);
INSERT INTO `sys_manage_custom_filter` (`custom_filter_id`, `service_id`, `filter_name`, `filter_type_name`, `filter_type`, `filter_status`, `rules`, `have_special`, `enable_delete`, `remark`) VALUES ('1474436836433117184', '1473645759279185920', '权限校验--放行swagger', '鉴权', 'Authorize', 1, NULL, 1, 1, NULL);
INSERT INTO `sys_manage_custom_filter` (`custom_filter_id`, `service_id`, `filter_name`, `filter_type_name`, `filter_type`, `filter_status`, `rules`, `have_special`, `enable_delete`, `remark`) VALUES ('1474437062904561664', '1473645695857115136', '权限校验--放行swagger', '鉴权', 'Authorize', 1, NULL, 1, 1, NULL);
INSERT INTO `sys_manage_custom_filter` (`custom_filter_id`, `service_id`, `filter_name`, `filter_type_name`, `filter_type`, `filter_status`, `rules`, `have_special`, `enable_delete`, `remark`) VALUES ('1474437433911721984', '1473645636306386944', '权限校验--放行swagger', '鉴权', 'Authorize', 1, NULL, 1, 1, NULL);
INSERT INTO `sys_manage_custom_filter` (`custom_filter_id`, `service_id`, `filter_name`, `filter_type_name`, `filter_type`, `filter_status`, `rules`, `have_special`, `enable_delete`, `remark`) VALUES ('1474437802154835968', '1473645579486150656', '权限校验--放行swagger', '鉴权', 'Authorize', 1, NULL, 1, 1, NULL);
INSERT INTO `sys_manage_custom_filter` (`custom_filter_id`, `service_id`, `filter_name`, `filter_type_name`, `filter_type`, `filter_status`, `rules`, `have_special`, `enable_delete`, `remark`) VALUES ('1474438008971771904', '1473645393087086592', '权限校验--放行swagger', '鉴权', 'Authorize', 1, NULL, 1, 1, NULL);
INSERT INTO `sys_manage_custom_filter` (`custom_filter_id`, `service_id`, `filter_name`, `filter_type_name`, `filter_type`, `filter_status`, `rules`, `have_special`, `enable_delete`, `remark`) VALUES ('1474438314531012608', '1473645294244118528', '权限校验--放行swagger', '鉴权', 'Authorize', 1, NULL, 1, 1, NULL);
INSERT INTO `sys_manage_custom_filter` (`custom_filter_id`, `service_id`, `filter_name`, `filter_type_name`, `filter_type`, `filter_status`, `rules`, `have_special`, `enable_delete`, `remark`) VALUES ('1486680769397571584', '1473645579486150656', '日志过滤器', '日志记录', 'LogRequest,LogResponse', 1, NULL, 0, 1, NULL);
INSERT INTO `sys_manage_custom_filter` (`custom_filter_id`, `service_id`, `filter_name`, `filter_type_name`, `filter_type`, `filter_status`, `rules`, `have_special`, `enable_delete`, `remark`) VALUES ('1486680970040492032', '1473645636306386944', '日志过滤器', '日志记录', 'LogRequest,LogResponse', 1, NULL, 0, 1, NULL);

-- 初始化路由-自定义过滤器表
DELETE FROM `sys_manage_route_custom_filter`;
INSERT INTO `sys_manage_route_custom_filter` (`route_custom_filter_id`, `custom_filter_id`, `route_id`, `filter_type`) VALUES ('1474054929954422784', '1473646876906012672', '1473649123941466112', 'Authorize');
INSERT INTO `sys_manage_route_custom_filter` (`route_custom_filter_id`, `custom_filter_id`, `route_id`, `filter_type`) VALUES ('1474438534757138432', '1474432647829176320', '1473650533860950016', 'Authorize');
INSERT INTO `sys_manage_route_custom_filter` (`route_custom_filter_id`, `custom_filter_id`, `route_id`, `filter_type`) VALUES ('1474438593234124800', '1474436340800602112', '1473650973134602240', 'Authorize');
INSERT INTO `sys_manage_route_custom_filter` (`route_custom_filter_id`, `custom_filter_id`, `route_id`, `filter_type`) VALUES ('1477544877781204992', '1474436628664074240', '1474434295293067264', 'Authorize');
INSERT INTO `sys_manage_route_custom_filter` (`route_custom_filter_id`, `custom_filter_id`, `route_id`, `filter_type`) VALUES ('1474438724985602048', '1474436836433117184', '1473651368758132736', 'Authorize');
INSERT INTO `sys_manage_route_custom_filter` (`route_custom_filter_id`, `custom_filter_id`, `route_id`, `filter_type`) VALUES ('1474438779146649600', '1474437062904561664', '1473651644776890368', 'Authorize');
INSERT INTO `sys_manage_route_custom_filter` (`route_custom_filter_id`, `custom_filter_id`, `route_id`, `filter_type`) VALUES ('1486681065091809280', '1474437433911721984', '1473810734291402752', 'Authorize');
INSERT INTO `sys_manage_route_custom_filter` (`route_custom_filter_id`, `custom_filter_id`, `route_id`, `filter_type`) VALUES ('1486680897365786624', '1474437802154835968', '1473651880245116928', 'Authorize');
INSERT INTO `sys_manage_route_custom_filter` (`route_custom_filter_id`, `custom_filter_id`, `route_id`, `filter_type`) VALUES ('1474438946969141248', '1474438008971771904', '1473652624960569344', 'Authorize');
INSERT INTO `sys_manage_route_custom_filter` (`route_custom_filter_id`, `custom_filter_id`, `route_id`, `filter_type`) VALUES ('1474438998533914624', '1474438314531012608', '1473652995061760000', 'Authorize');
INSERT INTO `sys_manage_route_custom_filter` (`route_custom_filter_id`, `custom_filter_id`, `route_id`, `filter_type`) VALUES ('1486680897369980928', '1486680769397571584', '1473651880245116928', 'LogRequest');
INSERT INTO `sys_manage_route_custom_filter` (`route_custom_filter_id`, `custom_filter_id`, `route_id`, `filter_type`) VALUES ('1486680897369980929', '1486680810522722304', '1473651880245116928', 'LogResponse');
INSERT INTO `sys_manage_route_custom_filter` (`route_custom_filter_id`, `custom_filter_id`, `route_id`, `filter_type`) VALUES ('1486681065100197888', '1486680970040492032', '1473810734291402752', 'LogRequest');
INSERT INTO `sys_manage_route_custom_filter` (`route_custom_filter_id`, `custom_filter_id`, `route_id`, `filter_type`) VALUES ('1486681065100197889', '1486680995520888832', '1473810734291402752', 'LogResponse');

-- 初始化路由过滤器
DELETE FROM `sys_manage_route_filter`;
INSERT INTO `sys_manage_route_filter` (`filter_id`, `service_id`, `filter_type`, `rules`, `enable_delete`, `remark`, `route_id`, `filter_name`, `filter_type_name`) VALUES ('1474054929883119616', '1473645989445812224', 'RewritePath', '{\"regexp\": \"/api/(?<segment>.*)\", \"replacement\": \"/${segment}\"}', 1, NULL, '1473649123941466112', '地址重写', '重写路由');
INSERT INTO `sys_manage_route_filter` (`filter_id`, `service_id`, `filter_type`, `rules`, `enable_delete`, `remark`, `route_id`, `filter_name`, `filter_type_name`) VALUES ('1474438534690029568', '1473645934588510208', 'RewritePath', '{\"regexp\": \"/api/(?<segment>.*)\", \"replacement\": \"/${segment}\"}', 1, NULL, '1473650533860950016', '地址重写', '重写路由');
INSERT INTO `sys_manage_route_filter` (`filter_id`, `service_id`, `filter_type`, `rules`, `enable_delete`, `remark`, `route_id`, `filter_name`, `filter_type_name`) VALUES ('1474438592906969088', '1473645881195020288', 'RewritePath', '{\"regexp\": \"/api/(?<segment>.*)\", \"replacement\": \"/${segment}\"}', 1, NULL, '1473650973134602240', '地址重写', '重写路由');
INSERT INTO `sys_manage_route_filter` (`filter_id`, `service_id`, `filter_type`, `rules`, `enable_delete`, `remark`, `route_id`, `filter_name`, `filter_type_name`) VALUES ('1474438724931076096', '1473645759279185920', 'RewritePath', '{\"regexp\": \"/api/(?<segment>.*)\", \"replacement\": \"/${segment}\"}', 1, NULL, '1473651368758132736', '地址重写', '重写路由');
INSERT INTO `sys_manage_route_filter` (`filter_id`, `service_id`, `filter_type`, `rules`, `enable_delete`, `remark`, `route_id`, `filter_name`, `filter_type_name`) VALUES ('1474438779083735040', '1473645695857115136', 'RewritePath', '{\"regexp\": \"/api/(?<segment>.*)\", \"replacement\": \"/${segment}\"}', 1, NULL, '1473651644776890368', '地址重写', '重写路由');
INSERT INTO `sys_manage_route_filter` (`filter_id`, `service_id`, `filter_type`, `rules`, `enable_delete`, `remark`, `route_id`, `filter_name`, `filter_type_name`) VALUES ('1474438946914615296', '1473645393087086592', 'RewritePath', '{\"regexp\": \"/api/(?<segment>.*)\", \"replacement\": \"/${segment}\"}', 1, NULL, '1473652624960569344', '地址重写', '重写路由');
INSERT INTO `sys_manage_route_filter` (`filter_id`, `service_id`, `filter_type`, `rules`, `enable_delete`, `remark`, `route_id`, `filter_name`, `filter_type_name`) VALUES ('1477544877730873344', '1473645818154631168', 'RewritePath', '{\"regexp\": \"/api/gateway/(?<segment>.*)\", \"replacement\": \"/${segment}\"}', 1, NULL, '1474434295293067264', '路由重写', '重写路由');
INSERT INTO `sys_manage_route_filter` (`filter_id`, `service_id`, `filter_type`, `rules`, `enable_delete`, `remark`, `route_id`, `filter_name`, `filter_type_name`) VALUES ('1486680897290289152', '1473645579486150656', 'RewritePath', '{\"regexp\": \"/api/(?<segment>.*)\", \"replacement\": \"/${segment}\"}', 1, NULL, '1473651880245116928', '地址重写', '重写路由');
INSERT INTO `sys_manage_route_filter` (`filter_id`, `service_id`, `filter_type`, `rules`, `enable_delete`, `remark`, `route_id`, `filter_name`, `filter_type_name`) VALUES ('1522478187170807808', '1522477760077414400', 'StripPrefix', '{\"StripPrefix\": \"1\"}', 1, NULL, '1522478187103698944', '去掉api前缀', '前缀剥离');
INSERT INTO `sys_manage_route_filter` (`filter_id`, `service_id`, `filter_type`, `rules`, `enable_delete`, `remark`, `route_id`, `filter_name`, `filter_type_name`) VALUES ('1540980252163489792', '1540948629120401408', 'StripPrefix', '{\"StripPrefix\": \"1\"}', 1, NULL, '1540949353640280064', '去掉api前缀', '前缀剥离');
INSERT INTO `sys_manage_route_filter` (`filter_id`, `service_id`, `filter_type`, `rules`, `enable_delete`, `remark`, `route_id`, `filter_name`, `filter_type_name`) VALUES ('1549386624324386816', '1473645294244118528', 'RewritePath', '{\"regexp\": \"/api/(?<segment>.*)\", \"replacement\": \"/${segment}\"}', 1, NULL, '1473652995061760000', '地址重写', '重写路由');
INSERT INTO `sys_manage_route_filter` (`filter_id`, `service_id`, `filter_type`, `rules`, `enable_delete`, `remark`, `route_id`, `filter_name`, `filter_type_name`) VALUES ('1549468916824719360', '1473645636306386944', 'RewritePath', '{\"regexp\": \"/api/(?<segment>.*)\", \"replacement\": \"/${segment}\"}', 1, NULL, '1473810734291402752', '地址重写', '重写路由');
-- 初始化路由
DELETE FROM `sys_manage_route`;
INSERT INTO `sys_manage_route` (`route_id`, `route_code`, `service_id`, `route_name`, `url`, `is_load_balancer`, `load_balancer_type`, `metadata_json`, `route_order`, `enable_delete`, `route_state`, `remark`, `service_code`) VALUES ('1473649123941466112', 'monitor-service', '1473645989445812224', '业务访问转发', NULL, 1, 'lb://', NULL, 0, 1, 1, NULL, 'monitor-service');
INSERT INTO `sys_manage_route` (`route_id`, `route_code`, `service_id`, `route_name`, `url`, `is_load_balancer`, `load_balancer_type`, `metadata_json`, `route_order`, `enable_delete`, `route_state`, `remark`, `service_code`) VALUES ('1473650533860950016', 'job-service', '1473645934588510208', '业务访问转发', NULL, 1, 'lb://', NULL, 0, 1, 1, NULL, 'job-service');
INSERT INTO `sys_manage_route` (`route_id`, `route_code`, `service_id`, `route_name`, `url`, `is_load_balancer`, `load_balancer_type`, `metadata_json`, `route_order`, `enable_delete`, `route_state`, `remark`, `service_code`) VALUES ('1473650973134602240', 'onlinedes-service', '1473645881195020288', '业务访问转发', NULL, 1, 'lb://', NULL, 0, 1, 1, NULL, 'onlinedes-service');
INSERT INTO `sys_manage_route` (`route_id`, `route_code`, `service_id`, `route_name`, `url`, `is_load_balancer`, `load_balancer_type`, `metadata_json`, `route_order`, `enable_delete`, `route_state`, `remark`, `service_code`) VALUES ('1473651368758132736', 'message-service', '1473645759279185920', '业务访问转发', NULL, 1, 'lb://', NULL, 0, 1, 1, NULL, 'message-service');
INSERT INTO `sys_manage_route` (`route_id`, `route_code`, `service_id`, `route_name`, `url`, `is_load_balancer`, `load_balancer_type`, `metadata_json`, `route_order`, `enable_delete`, `route_state`, `remark`, `service_code`) VALUES ('1473651644776890368', 'storage-service', '1473645695857115136', '业务访问转发', NULL, 1, 'lb://', NULL, 0, 1, 1, NULL, 'storage-service');
INSERT INTO `sys_manage_route` (`route_id`, `route_code`, `service_id`, `route_name`, `url`, `is_load_balancer`, `load_balancer_type`, `metadata_json`, `route_order`, `enable_delete`, `route_state`, `remark`, `service_code`) VALUES ('1473651880245116928', 'auth-service', '1473645579486150656', '业务访问转发', NULL, 1, 'lb://', NULL, 0, 1, 1, NULL, 'auth-service');
INSERT INTO `sys_manage_route` (`route_id`, `route_code`, `service_id`, `route_name`, `url`, `is_load_balancer`, `load_balancer_type`, `metadata_json`, `route_order`, `enable_delete`, `route_state`, `remark`, `service_code`) VALUES ('1473652624960569344', 'logging-service', '1473645393087086592', '业务访问转发', NULL, 1, 'lb://', NULL, 0, 1, 1, NULL, 'logging-service');
INSERT INTO `sys_manage_route` (`route_id`, `route_code`, `service_id`, `route_name`, `url`, `is_load_balancer`, `load_balancer_type`, `metadata_json`, `route_order`, `enable_delete`, `route_state`, `remark`, `service_code`) VALUES ('1473652995061760000', 'system-service', '1473645294244118528', '业务访问转发', NULL, 1, 'lb://', NULL, 0, 1, 1, NULL, 'system-service');
INSERT INTO `sys_manage_route` (`route_id`, `route_code`, `service_id`, `route_name`, `url`, `is_load_balancer`, `load_balancer_type`, `metadata_json`, `route_order`, `enable_delete`, `route_state`, `remark`, `service_code`) VALUES ('1473810734291402752', 'process-service', '1473645636306386944', '业务访问转发', NULL, 1, 'lb://', NULL, 0, 1, 1, NULL, 'process-service');
INSERT INTO `sys_manage_route` (`route_id`, `route_code`, `service_id`, `route_name`, `url`, `is_load_balancer`, `load_balancer_type`, `metadata_json`, `route_order`, `enable_delete`, `route_state`, `remark`, `service_code`) VALUES ('1474434295293067264', 'gateway-service', '1473645818154631168', 'swagger转发', NULL, 1, 'lb://', NULL, 0, 1, 1, NULL, 'gateway-service');
INSERT INTO `sys_manage_route` (`route_id`, `route_code`, `service_id`, `route_name`, `url`, `is_load_balancer`, `load_balancer_type`, `metadata_json`, `route_order`, `enable_delete`, `route_state`, `remark`, `service_code`) VALUES ('1522478187103698944', 'tools-service', '1522477760077414400', '业务访问转发', NULL, 1, 'lb://', NULL, 0, 1, 1, NULL, 'tools-service');

-- 初始化路由断言
DELETE FROM `sys_manage_route_predicate`;
INSERT INTO `sys_manage_route_predicate` (`predicate_id`, `service_id`, `route_id`, `predicate_type`, `predicate_type_name`, `rules`, `enable_delete`, `remark`, `predicate_name`) VALUES ('1474054929715347456', '1473645989445812224', '1473649123941466112', 'Path', '请求路径正则匹配', '{\"patterns\": \"/api/monitor/**\"}', 1, NULL, '路径匹配');
INSERT INTO `sys_manage_route_predicate` (`predicate_id`, `service_id`, `route_id`, `predicate_type`, `predicate_type_name`, `rules`, `enable_delete`, `remark`, `predicate_name`) VALUES ('1474438534610337792', '1473645934588510208', '1473650533860950016', 'Path', '请求路径正则匹配', '{\"patterns\": \"/api/job/**\"}', 1, NULL, '基于路径');
INSERT INTO `sys_manage_route_predicate` (`predicate_id`, `service_id`, `route_id`, `predicate_type`, `predicate_type_name`, `rules`, `enable_delete`, `remark`, `predicate_name`) VALUES ('1474438592835665920', '1473645881195020288', '1473650973134602240', 'Path', '请求路径正则匹配', '{\"patterns\": \"/api/onlinedes/**\"}', 1, NULL, '基于路径');
INSERT INTO `sys_manage_route_predicate` (`predicate_id`, `service_id`, `route_id`, `predicate_type`, `predicate_type_name`, `rules`, `enable_delete`, `remark`, `predicate_name`) VALUES ('1474438724859772928', '1473645759279185920', '1473651368758132736', 'Path', '请求路径正则匹配', '{\"patterns\": \"/api/message/**\"}', 1, NULL, '基于地址');
INSERT INTO `sys_manage_route_predicate` (`predicate_id`, `service_id`, `route_id`, `predicate_type`, `predicate_type_name`, `rules`, `enable_delete`, `remark`, `predicate_name`) VALUES ('1474438779020820480', '1473645695857115136', '1473651644776890368', 'Path', '请求路径正则匹配', '{\"patterns\": \"/api/storage/**\"}', 1, NULL, '基于路径');
INSERT INTO `sys_manage_route_predicate` (`predicate_id`, `service_id`, `route_id`, `predicate_type`, `predicate_type_name`, `rules`, `enable_delete`, `remark`, `predicate_name`) VALUES ('1474438946855895040', '1473645393087086592', '1473652624960569344', 'Path', '请求路径正则匹配', '{\"patterns\": \"/api/logging/**\"}', 1, NULL, '基于路径');
INSERT INTO `sys_manage_route_predicate` (`predicate_id`, `service_id`, `route_id`, `predicate_type`, `predicate_type_name`, `rules`, `enable_delete`, `remark`, `predicate_name`) VALUES ('1477544877667958784', '1473645818154631168', '1474434295293067264', 'Path', '请求路径正则匹配', '{\"patterns\": \"/api/gateway/**\"}', 1, NULL, '基于路径');
INSERT INTO `sys_manage_route_predicate` (`predicate_id`, `service_id`, `route_id`, `predicate_type`, `predicate_type_name`, `rules`, `enable_delete`, `remark`, `predicate_name`) VALUES ('1486680897185431552', '1473645579486150656', '1473651880245116928', 'Path', '请求路径正则匹配', '{\"patterns\": \"/api/auth/**\"}', 1, NULL, '基于路径');
INSERT INTO `sys_manage_route_predicate` (`predicate_id`, `service_id`, `route_id`, `predicate_type`, `predicate_type_name`, `rules`, `enable_delete`, `remark`, `predicate_name`) VALUES ('1522478187229528064', '1522477760077414400', '1522478187103698944', 'Path', '请求路径正则匹配', '{\"patterns\": \"/api/tools/**\"}', 1, NULL, '基于路径');
INSERT INTO `sys_manage_route_predicate` (`predicate_id`, `service_id`, `route_id`, `predicate_type`, `predicate_type_name`, `rules`, `enable_delete`, `remark`, `predicate_name`) VALUES ('1540980252100575232', '1540948629120401408', '1540949353640280064', 'Path', '请求路径正则匹配', '{\"patterns\": \"/api/shared/**\"}', 1, NULL, '基于路径');
INSERT INTO `sys_manage_route_predicate` (`predicate_id`, `service_id`, `route_id`, `predicate_type`, `predicate_type_name`, `rules`, `enable_delete`, `remark`, `predicate_name`) VALUES ('1549386624265666560', '1473645294244118528', '1473652995061760000', 'Path', '请求路径正则匹配', '{\"patterns\": \"/api/system/**\"}', 1, NULL, '基于路径');
INSERT INTO `sys_manage_route_predicate` (`predicate_id`, `service_id`, `route_id`, `predicate_type`, `predicate_type_name`, `rules`, `enable_delete`, `remark`, `predicate_name`) VALUES ('1549468916774387712', '1473645636306386944', '1473810734291402752', 'Path', '请求路径正则匹配', '{\"patterns\": \"/api/process/**\"}', 1, NULL, '基于地址');
-- 初始化服务管理
DELETE FROM `sys_manage_service`;
INSERT INTO `sys_manage_service` (`service_id`, `service_code`, `service_name`, `is_load_balancer`, `enable_swagger`, `swagger_config_url`, `subscribe_change`, `notice_change`, `notice_type`, `service_state`, `service_metadata_json`, `notice_template_id`, `head_user_name`, `head_user_id`, `enable_delete`, `remark`) VALUES ('1473645294244118528', 'system-service', '系统服务', 1, 1, '0', 0, 0, NULL, 1, NULL, '0', NULL, NULL, 1, '');
INSERT INTO `sys_manage_service` (`service_id`, `service_code`, `service_name`, `is_load_balancer`, `enable_swagger`, `swagger_config_url`, `subscribe_change`, `notice_change`, `notice_type`, `service_state`, `service_metadata_json`, `notice_template_id`, `head_user_name`, `head_user_id`, `enable_delete`, `remark`) VALUES ('1473645393087086592', 'logging-service', '日志服务', 1, 1, '0', 0, 0, NULL, 1, NULL, '0', NULL, NULL, 1, NULL);
INSERT INTO `sys_manage_service` (`service_id`, `service_code`, `service_name`, `is_load_balancer`, `enable_swagger`, `swagger_config_url`, `subscribe_change`, `notice_change`, `notice_type`, `service_state`, `service_metadata_json`, `notice_template_id`, `head_user_name`, `head_user_id`, `enable_delete`, `remark`) VALUES ('1473645579486150656', 'auth-service', '授权服务', 1, 1, '0', 0, 0, NULL, 1, NULL, '0', NULL, NULL, 1, NULL);
INSERT INTO `sys_manage_service` (`service_id`, `service_code`, `service_name`, `is_load_balancer`, `enable_swagger`, `swagger_config_url`, `subscribe_change`, `notice_change`, `notice_type`, `service_state`, `service_metadata_json`, `notice_template_id`, `head_user_name`, `head_user_id`, `enable_delete`, `remark`) VALUES ('1473645636306386944', 'process-service', '流程服务', 1, 1, '0', 0, 0, NULL, 1, NULL, '0', NULL, NULL, 1, NULL);
INSERT INTO `sys_manage_service` (`service_id`, `service_code`, `service_name`, `is_load_balancer`, `enable_swagger`, `swagger_config_url`, `subscribe_change`, `notice_change`, `notice_type`, `service_state`, `service_metadata_json`, `notice_template_id`, `head_user_name`, `head_user_id`, `enable_delete`, `remark`) VALUES ('1473645695857115136', 'storage-service', '存储服务', 1, 1, '0', 0, 0, NULL, 1, NULL, '0', NULL, NULL, 1, NULL);
INSERT INTO `sys_manage_service` (`service_id`, `service_code`, `service_name`, `is_load_balancer`, `enable_swagger`, `swagger_config_url`, `subscribe_change`, `notice_change`, `notice_type`, `service_state`, `service_metadata_json`, `notice_template_id`, `head_user_name`, `head_user_id`, `enable_delete`, `remark`) VALUES ('1473645759279185920', 'message-service', '消息中心服务', 1, 1, '0', 0, 0, NULL, 1, NULL, '0', NULL, NULL, 1, NULL);
INSERT INTO `sys_manage_service` (`service_id`, `service_code`, `service_name`, `is_load_balancer`, `enable_swagger`, `swagger_config_url`, `subscribe_change`, `notice_change`, `notice_type`, `service_state`, `service_metadata_json`, `notice_template_id`, `head_user_name`, `head_user_id`, `enable_delete`, `remark`) VALUES ('1473645818154631168', 'gateway-service', '网关服务', 1, 1, '0', 0, 0, NULL, 1, NULL, '0', NULL, NULL, 1, NULL);
INSERT INTO `sys_manage_service` (`service_id`, `service_code`, `service_name`, `is_load_balancer`, `enable_swagger`, `swagger_config_url`, `subscribe_change`, `notice_change`, `notice_type`, `service_state`, `service_metadata_json`, `notice_template_id`, `head_user_name`, `head_user_id`, `enable_delete`, `remark`) VALUES ('1473645881195020288', 'onlinedes-service', '在线开发设计服务', 1, 1, '0', 0, 0, NULL, 1, NULL, '0', NULL, NULL, 1, NULL);
INSERT INTO `sys_manage_service` (`service_id`, `service_code`, `service_name`, `is_load_balancer`, `enable_swagger`, `swagger_config_url`, `subscribe_change`, `notice_change`, `notice_type`, `service_state`, `service_metadata_json`, `notice_template_id`, `head_user_name`, `head_user_id`, `enable_delete`, `remark`) VALUES ('1473645934588510208', 'job-service', '调度中心服务', 1, 1, '0', 0, 0, NULL, 1, NULL, '0', NULL, NULL, 1, NULL);
INSERT INTO `sys_manage_service` (`service_id`, `service_code`, `service_name`, `is_load_balancer`, `enable_swagger`, `swagger_config_url`, `subscribe_change`, `notice_change`, `notice_type`, `service_state`, `service_metadata_json`, `notice_template_id`, `head_user_name`, `head_user_id`, `enable_delete`, `remark`) VALUES ('1473645989445812224', 'monitor-service', '监控服务', 1, 0, '0', 0, 0, NULL, 1, NULL, '0', NULL, NULL, 1, NULL);
INSERT INTO `sys_manage_service` (`service_id`, `service_code`, `service_name`, `is_load_balancer`, `enable_swagger`, `swagger_config_url`, `subscribe_change`, `notice_change`, `notice_type`, `service_state`, `service_metadata_json`, `notice_template_id`, `head_user_name`, `head_user_id`, `enable_delete`, `remark`) VALUES ('1522477760077414400', 'tools-service', '工具服务', 0, 1, '0', 0, 0, NULL, 1, NULL, '0', NULL, NULL, 1, NULL);

-- 初始化服务管理
DELETE FROM `sys_manage_special_url`;
INSERT INTO `sys_manage_special_url` (`special_url_id`, `url_name`, `special_url_type`, `url_describe`, `url_type`, `special_status`, `limit_method`, `request_method`, `url`, `enable_delete`, `remark`, `custom_filter_id`) VALUES ('1473646944606273536', '放行获取登录图片验证码', 1, NULL, 0, 1, 0, 'GET', '/auth/common/get/code/picture', 1, NULL, '1473646749495640064');
INSERT INTO `sys_manage_special_url` (`special_url_id`, `url_name`, `special_url_type`, `url_describe`, `url_type`, `special_status`, `limit_method`, `request_method`, `url`, `enable_delete`, `remark`, `custom_filter_id`) VALUES ('1473646944614662144', '图验证码登录', 2, NULL, 0, 1, 0, 'POST', '/auth/web/login/picture', 1, NULL, '1473646749495640064');
INSERT INTO `sys_manage_special_url` (`special_url_id`, `url_name`, `special_url_type`, `url_describe`, `url_type`, `special_status`, `limit_method`, `request_method`, `url`, `enable_delete`, `remark`, `custom_filter_id`) VALUES ('1473647467354963968', '文件预览', 1, NULL, 0, 0, 1, 'GET', '/storage/local/file/preview/**', 1, NULL, '1473647467262689280');
INSERT INTO `sys_manage_special_url` (`special_url_id`, `url_name`, `special_url_type`, `url_describe`, `url_type`, `special_status`, `limit_method`, `request_method`, `url`, `enable_delete`, `remark`, `custom_filter_id`) VALUES ('1473647784108802048', '获取安全信息', 1, NULL, 0, 1, 1, 'GET', '/system/manage-service/select/base-security', 1, NULL, '1473647784029110272');
INSERT INTO `sys_manage_special_url` (`special_url_id`, `url_name`, `special_url_type`, `url_describe`, `url_type`, `special_status`, `limit_method`, `request_method`, `url`, `enable_delete`, `remark`, `custom_filter_id`) VALUES ('1474432647984365568', '获取swagger信息', 1, NULL, 0, 1, 0, NULL, '**/v3/api-docs/all', 1, NULL, '1474432647829176320');
INSERT INTO `sys_manage_special_url` (`special_url_id`, `url_name`, `special_url_type`, `url_describe`, `url_type`, `special_status`, `limit_method`, `request_method`, `url`, `enable_delete`, `remark`, `custom_filter_id`) VALUES ('1474433378783117312', '获取swagger信息', 1, NULL, 0, 1, 0, NULL, '/job/v3/api-docs/all', 1, NULL, '1474432647829176320');
INSERT INTO `sys_manage_special_url` (`special_url_id`, `url_name`, `special_url_type`, `url_describe`, `url_type`, `special_status`, `limit_method`, `request_method`, `url`, `enable_delete`, `remark`, `custom_filter_id`) VALUES ('1474436340901265408', '放行swagger', 1, NULL, 0, 1, 0, NULL, '/onlinedes/v3/api-docs/all', 1, NULL, '1474436340800602112');
INSERT INTO `sys_manage_special_url` (`special_url_id`, `url_name`, `special_url_type`, `url_describe`, `url_type`, `special_status`, `limit_method`, `request_method`, `url`, `enable_delete`, `remark`, `custom_filter_id`) VALUES ('1474436628760543232', '放行swagger', 1, NULL, 0, 1, 0, NULL, '/v3/api-docs/all', 1, NULL, '1474436628664074240');
INSERT INTO `sys_manage_special_url` (`special_url_id`, `url_name`, `special_url_type`, `url_describe`, `url_type`, `special_status`, `limit_method`, `request_method`, `url`, `enable_delete`, `remark`, `custom_filter_id`) VALUES ('1474436836546363392', '放行swagger', 1, NULL, 0, 1, 0, NULL, '/message/v3/api-docs/all', 1, NULL, '1474436836433117184');
INSERT INTO `sys_manage_special_url` (`special_url_id`, `url_name`, `special_url_type`, `url_describe`, `url_type`, `special_status`, `limit_method`, `request_method`, `url`, `enable_delete`, `remark`, `custom_filter_id`) VALUES ('1474437063005224960', '放行swagger', 1, NULL, 0, 1, 0, NULL, '/storage/v3/api-docs/all', 1, NULL, '1474437062904561664');
INSERT INTO `sys_manage_special_url` (`special_url_id`, `url_name`, `special_url_type`, `url_describe`, `url_type`, `special_status`, `limit_method`, `request_method`, `url`, `enable_delete`, `remark`, `custom_filter_id`) VALUES ('1474437161198075904', '放行swagger', 1, NULL, 0, 1, 0, NULL, '/storage/v3/api-docs/all', 1, NULL, '1474437062904561664');
INSERT INTO `sys_manage_special_url` (`special_url_id`, `url_name`, `special_url_type`, `url_describe`, `url_type`, `special_status`, `limit_method`, `request_method`, `url`, `enable_delete`, `remark`, `custom_filter_id`) VALUES ('1474437161223241728', '文件预览', 1, NULL, 0, 1, 1, 'GET', '/storage/local/file/preview/**', 1, NULL, '1474437062904561664');
INSERT INTO `sys_manage_special_url` (`special_url_id`, `url_name`, `special_url_type`, `url_describe`, `url_type`, `special_status`, `limit_method`, `request_method`, `url`, `enable_delete`, `remark`, `custom_filter_id`) VALUES ('1474437433999802368', '放行swagger', 1, NULL, 0, 1, 1, 'GET', '/process/v3/api-docs/all', 1, NULL, '1474437433911721984');
INSERT INTO `sys_manage_special_url` (`special_url_id`, `url_name`, `special_url_type`, `url_describe`, `url_type`, `special_status`, `limit_method`, `request_method`, `url`, `enable_delete`, `remark`, `custom_filter_id`) VALUES ('1474437802289053696', '放行swagger', 1, NULL, 0, 1, 1, 'GET', '/auth/v3/api-docs/all', 1, NULL, '1474437802154835968');
INSERT INTO `sys_manage_special_url` (`special_url_id`, `url_name`, `special_url_type`, `url_describe`, `url_type`, `special_status`, `limit_method`, `request_method`, `url`, `enable_delete`, `remark`, `custom_filter_id`) VALUES ('1474437802297442304', '放行获取登录图片验证码', 1, NULL, 0, 1, 1, 'GET', '/auth/code/picture', 1, NULL, '1474437802154835968');
INSERT INTO `sys_manage_special_url` (`special_url_id`, `url_name`, `special_url_type`, `url_describe`, `url_type`, `special_status`, `limit_method`, `request_method`, `url`, `enable_delete`, `remark`, `custom_filter_id`) VALUES ('1474437802301636608', '图验证码登录', 1, NULL, 0, 1, 1, 'POST', '/auth/web/login/picture', 1, NULL, '1474437802154835968');
INSERT INTO `sys_manage_special_url` (`special_url_id`, `url_name`, `special_url_type`, `url_describe`, `url_type`, `special_status`, `limit_method`, `request_method`, `url`, `enable_delete`, `remark`, `custom_filter_id`) VALUES ('1474438009131155456', '放行swagger', 1, NULL, 0, 1, 1, 'GET', '/logging/v3/api-docs/all', 1, NULL, '1474438008971771904');
INSERT INTO `sys_manage_special_url` (`special_url_id`, `url_name`, `special_url_type`, `url_describe`, `url_type`, `special_status`, `limit_method`, `request_method`, `url`, `enable_delete`, `remark`, `custom_filter_id`) VALUES ('1474438314950443008', '放行swagger', 1, NULL, 0, 1, 1, 'GET', '/system/v3/api-docs/all', 1, NULL, '1474438314531012608');
INSERT INTO `sys_manage_special_url` (`special_url_id`, `url_name`, `special_url_type`, `url_describe`, `url_type`, `special_status`, `limit_method`, `request_method`, `url`, `enable_delete`, `remark`, `custom_filter_id`) VALUES ('1474438314954637312', '获取安全信息', 1, NULL, 0, 1, 1, 'GET', '/system/manage-service/select/base-security', 1, NULL, '1474438314531012608');
INSERT INTO `sys_manage_special_url` (`special_url_id`, `url_name`, `special_url_type`, `url_describe`, `url_type`, `special_status`, `limit_method`, `request_method`, `url`, `enable_delete`, `remark`, `custom_filter_id`) VALUES ('1474438374585057280', '获取swagger信息', 1, NULL, 0, 1, 1, 'GET', '/job/v3/api-docs/all', 1, NULL, '1474432647829176320');
INSERT INTO `sys_manage_special_url` (`special_url_id`, `url_name`, `special_url_type`, `url_describe`, `url_type`, `special_status`, `limit_method`, `request_method`, `url`, `enable_delete`, `remark`, `custom_filter_id`) VALUES ('1474438427949187072', '放行swagger', 1, NULL, 0, 1, 1, 'GET', '/onlinedes/v3/api-docs/all', 1, NULL, '1474436340800602112');
INSERT INTO `sys_manage_special_url` (`special_url_id`, `url_name`, `special_url_type`, `url_describe`, `url_type`, `special_status`, `limit_method`, `request_method`, `url`, `enable_delete`, `remark`, `custom_filter_id`) VALUES ('1474438482017959936', '放行swagger', 1, NULL, 0, 1, 1, 'GET', '/v3/api-docs/all', 1, NULL, '1474436628664074240');
INSERT INTO `sys_manage_special_url` (`special_url_id`, `url_name`, `special_url_type`, `url_describe`, `url_type`, `special_status`, `limit_method`, `request_method`, `url`, `enable_delete`, `remark`, `custom_filter_id`) VALUES ('1474439444807860224', '放行swagger', 1, NULL, 0, 1, 1, 'GET', '/v3/api-docs/all', 1, NULL, '1474436628664074240');
INSERT INTO `sys_manage_special_url` (`special_url_id`, `url_name`, `special_url_type`, `url_describe`, `url_type`, `special_status`, `limit_method`, `request_method`, `url`, `enable_delete`, `remark`, `custom_filter_id`) VALUES ('1474439444812054528', '放行swagger页面', 1, NULL, 0, 1, 1, 'GET', '/webjars/swagger-ui/index.html', 1, NULL, '1474436628664074240');
INSERT INTO `sys_manage_special_url` (`special_url_id`, `url_name`, `special_url_type`, `url_describe`, `url_type`, `special_status`, `limit_method`, `request_method`, `url`, `enable_delete`, `remark`, `custom_filter_id`) VALUES ('1474439486130143232', '放行swagger', 1, NULL, 0, 1, 1, 'GET', '/v3/api-docs/all', 1, NULL, '1474436628664074240');
INSERT INTO `sys_manage_special_url` (`special_url_id`, `url_name`, `special_url_type`, `url_describe`, `url_type`, `special_status`, `limit_method`, `request_method`, `url`, `enable_delete`, `remark`, `custom_filter_id`) VALUES ('1474439486130143233', '放行swagger页面', 1, NULL, 0, 1, 1, 'GET', '/webjars/swagger-ui/index.html', 1, NULL, '1474436628664074240');
INSERT INTO `sys_manage_special_url` (`special_url_id`, `url_name`, `special_url_type`, `url_describe`, `url_type`, `special_status`, `limit_method`, `request_method`, `url`, `enable_delete`, `remark`, `custom_filter_id`) VALUES ('1474439619051831296', '放行swagger', 1, NULL, 0, 1, 1, 'GET', '/v3/api-docs/all', 1, NULL, '1474436628664074240');
INSERT INTO `sys_manage_special_url` (`special_url_id`, `url_name`, `special_url_type`, `url_describe`, `url_type`, `special_status`, `limit_method`, `request_method`, `url`, `enable_delete`, `remark`, `custom_filter_id`) VALUES ('1474439619051831297', '放行swagger页面', 1, NULL, 0, 1, 1, 'GET', '/webjars/swagger-ui/index.html', 1, NULL, '1474436628664074240');
INSERT INTO `sys_manage_special_url` (`special_url_id`, `url_name`, `special_url_type`, `url_describe`, `url_type`, `special_status`, `limit_method`, `request_method`, `url`, `enable_delete`, `remark`, `custom_filter_id`) VALUES ('1474440472143904768', '放行swagger', 1, NULL, 0, 1, 1, 'GET', '/v3/api-docs/all', 1, NULL, '1474436628664074240');
INSERT INTO `sys_manage_special_url` (`special_url_id`, `url_name`, `special_url_type`, `url_describe`, `url_type`, `special_status`, `limit_method`, `request_method`, `url`, `enable_delete`, `remark`, `custom_filter_id`) VALUES ('1474440472156487680', '放行swagger页面', 1, NULL, 0, 1, 1, 'GET', '/webjars/swagger-ui/index.html', 1, NULL, '1474436628664074240');
INSERT INTO `sys_manage_special_url` (`special_url_id`, `url_name`, `special_url_type`, `url_describe`, `url_type`, `special_status`, `limit_method`, `request_method`, `url`, `enable_delete`, `remark`, `custom_filter_id`) VALUES ('1474440782392377344', '放行swagger', 1, NULL, 0, 1, 1, 'GET', '/v3/api-docs/swagger-config', 1, NULL, '1474436628664074240');
INSERT INTO `sys_manage_special_url` (`special_url_id`, `url_name`, `special_url_type`, `url_describe`, `url_type`, `special_status`, `limit_method`, `request_method`, `url`, `enable_delete`, `remark`, `custom_filter_id`) VALUES ('1474440782404960256', '放行swagger页面', 1, NULL, 0, 1, 1, 'GET', '/webjars/swagger-ui/index.html', 1, NULL, '1474436628664074240');
INSERT INTO `sys_manage_special_url` (`special_url_id`, `url_name`, `special_url_type`, `url_describe`, `url_type`, `special_status`, `limit_method`, `request_method`, `url`, `enable_delete`, `remark`, `custom_filter_id`) VALUES ('1474637334318727168', '放行swagger', 1, NULL, 0, 1, 1, 'GET', '/v3/api-docs/swagger-config', 1, NULL, '1474436628664074240');
INSERT INTO `sys_manage_special_url` (`special_url_id`, `url_name`, `special_url_type`, `url_describe`, `url_type`, `special_status`, `limit_method`, `request_method`, `url`, `enable_delete`, `remark`, `custom_filter_id`) VALUES ('1474637334331310080', '放行swagger页面', 1, NULL, 0, 1, 1, 'GET', '/webjars/swagger-ui/**', 1, NULL, '1474436628664074240');
INSERT INTO `sys_manage_special_url` (`special_url_id`, `url_name`, `special_url_type`, `url_describe`, `url_type`, `special_status`, `limit_method`, `request_method`, `url`, `enable_delete`, `remark`, `custom_filter_id`) VALUES ('1474643060776812544', '放行swagger', 1, NULL, 0, 1, 1, 'GET', '/v3/api-docs/**', 1, NULL, '1474436628664074240');
INSERT INTO `sys_manage_special_url` (`special_url_id`, `url_name`, `special_url_type`, `url_describe`, `url_type`, `special_status`, `limit_method`, `request_method`, `url`, `enable_delete`, `remark`, `custom_filter_id`) VALUES ('1474643060785201152', '放行swagger页面', 1, NULL, 0, 1, 1, 'GET', '/webjars/swagger-ui/**', 1, NULL, '1474436628664074240');
INSERT INTO `sys_manage_special_url` (`special_url_id`, `url_name`, `special_url_type`, `url_describe`, `url_type`, `special_status`, `limit_method`, `request_method`, `url`, `enable_delete`, `remark`, `custom_filter_id`) VALUES ('1477544738064744448', '放行swagger', 1, NULL, 0, 1, 1, 'GET', '/v3/api-docs/**', 1, NULL, '1474436628664074240');
INSERT INTO `sys_manage_special_url` (`special_url_id`, `url_name`, `special_url_type`, `url_describe`, `url_type`, `special_status`, `limit_method`, `request_method`, `url`, `enable_delete`, `remark`, `custom_filter_id`) VALUES ('1477544738073133056', '放行swagger页面', 1, NULL, 0, 1, 1, 'GET', '/webjars/swagger-ui/**', 1, NULL, '1474436628664074240');
INSERT INTO `sys_manage_special_url` (`special_url_id`, `url_name`, `special_url_type`, `url_describe`, `url_type`, `special_status`, `limit_method`, `request_method`, `url`, `enable_delete`, `remark`, `custom_filter_id`) VALUES ('1477544738077327360', '放行swaggerui', 1, NULL, 0, 1, 1, 'GET', '/swagger-ui.html', 1, NULL, '1474436628664074240');
INSERT INTO `sys_manage_special_url` (`special_url_id`, `url_name`, `special_url_type`, `url_describe`, `url_type`, `special_status`, `limit_method`, `request_method`, `url`, `enable_delete`, `remark`, `custom_filter_id`) VALUES ('1500067967987662848', '放行获取登录图片验证码', 1, NULL, 0, 1, 0, 'GET', '/auth/common/get/code/picture', 1, NULL, '1473646749495640064');
INSERT INTO `sys_manage_special_url` (`special_url_id`, `url_name`, `special_url_type`, `url_describe`, `url_type`, `special_status`, `limit_method`, `request_method`, `url`, `enable_delete`, `remark`, `custom_filter_id`) VALUES ('1500067968021217280', '图验证码登录', 1, NULL, 0, 1, 0, NULL, '/auth/web/login/picture', 1, NULL, '1473646749495640064');
INSERT INTO `sys_manage_special_url` (`special_url_id`, `url_name`, `special_url_type`, `url_describe`, `url_type`, `special_status`, `limit_method`, `request_method`, `url`, `enable_delete`, `remark`, `custom_filter_id`) VALUES ('1500068109910327296', '放行swagger', 1, NULL, 0, 1, 1, 'GET', '/auth/v3/api-docs/all', 1, NULL, '1474437802154835968');
INSERT INTO `sys_manage_special_url` (`special_url_id`, `url_name`, `special_url_type`, `url_describe`, `url_type`, `special_status`, `limit_method`, `request_method`, `url`, `enable_delete`, `remark`, `custom_filter_id`) VALUES ('1500068109931298816', '登录图片验证码', 1, NULL, 0, 1, 1, 'GET', '/auth/code/picture', 1, NULL, '1474437802154835968');
INSERT INTO `sys_manage_special_url` (`special_url_id`, `url_name`, `special_url_type`, `url_describe`, `url_type`, `special_status`, `limit_method`, `request_method`, `url`, `enable_delete`, `remark`, `custom_filter_id`) VALUES ('1500068159663161344', '放行获取登录图片验证码', 1, NULL, 0, 1, 0, 'GET', '/auth/common/get/code/picture', 1, NULL, '1473646749495640064');
INSERT INTO `sys_manage_special_url` (`special_url_id`, `url_name`, `special_url_type`, `url_describe`, `url_type`, `special_status`, `limit_method`, `request_method`, `url`, `enable_delete`, `remark`, `custom_filter_id`) VALUES ('1500068159679938560', '图验证码登录', 1, NULL, 0, 1, 0, NULL, '/auth/code/picture', 1, NULL, '1473646749495640064');

-- 初始化菜单表
DELETE FROM `sys_rbac_menu`;
INSERT INTO `sys_rbac_menu` (`menu_id`, `parent_id`, `path`, `component`, `path_name`, `redirect`, `menu_type`, `iframe`, `iframe_type`, `menu_status`, `meta_title`, `ignore_auth`, `ignore_keep_alive`, `affix`, `icon`, `icon_type`, `frame_src`, `transition_name`, `hide_breadcrumb`, `carry_param`, `hide_children_in_menu`, `current_active_menu`, `hide_tab`, `hide_menu`, `order_no`, `ignore_route`, `show_tag`, `type`, `content`, `dot`, `hide_path_for_children`, `button_action_tag`, `button_express`, `system_id`, `enable_delete`, `menu_sys_code`, `remark`, `button_action`) VALUES ('1546918645993095168', NULL, '/dashboard', 'LAYOUT', 'Dashboard', '/dashboard/workbench', 0, 0, NULL, 1, 'Dashboard', 0, 0, 0, 'ion:grid-outline', 0, NULL, NULL, 0, 0, 0, NULL, 0, 0, -1, 0, 0, NULL, NULL, 0, 0, NULL, NULL, '1444196303513370624', 1, 'A001', NULL, NULL);
INSERT INTO `sys_rbac_menu` (`menu_id`, `parent_id`, `path`, `component`, `path_name`, `redirect`, `menu_type`, `iframe`, `iframe_type`, `menu_status`, `meta_title`, `ignore_auth`, `ignore_keep_alive`, `affix`, `icon`, `icon_type`, `frame_src`, `transition_name`, `hide_breadcrumb`, `carry_param`, `hide_children_in_menu`, `current_active_menu`, `hide_tab`, `hide_menu`, `order_no`, `ignore_route`, `show_tag`, `type`, `content`, `dot`, `hide_path_for_children`, `button_action_tag`, `button_express`, `system_id`, `enable_delete`, `menu_sys_code`, `remark`, `button_action`) VALUES ('1546918947777462272', '1546918645993095168', 'workbench', '/dashboard/workbench/index', 'Workbench', NULL, 1, 0, NULL, 1, '工作台', 0, 0, 0, NULL, 0, NULL, NULL, 0, 0, 0, NULL, 0, 0, 0, 0, 0, NULL, NULL, 0, 0, NULL, NULL, '1444196303513370624', 1, 'A001A001', NULL, NULL);
INSERT INTO `sys_rbac_menu` (`menu_id`, `parent_id`, `path`, `component`, `path_name`, `redirect`, `menu_type`, `iframe`, `iframe_type`, `menu_status`, `meta_title`, `ignore_auth`, `ignore_keep_alive`, `affix`, `icon`, `icon_type`, `frame_src`, `transition_name`, `hide_breadcrumb`, `carry_param`, `hide_children_in_menu`, `current_active_menu`, `hide_tab`, `hide_menu`, `order_no`, `ignore_route`, `show_tag`, `type`, `content`, `dot`, `hide_path_for_children`, `button_action_tag`, `button_express`, `system_id`, `enable_delete`, `menu_sys_code`, `remark`, `button_action`) VALUES ('1546919095530209280', '1546918645993095168', 'analysis', '/dashboard/analysis/index', 'Analysis', NULL, 1, 0, NULL, 1, '分析页', 0, 0, 0, NULL, 0, NULL, NULL, 0, 0, 0, NULL, 0, 0, 1, 0, 0, NULL, NULL, 0, 0, NULL, NULL, '1444196303513370624', 1, 'A001A002', NULL, NULL);
INSERT INTO `sys_rbac_menu` (`menu_id`, `parent_id`, `path`, `component`, `path_name`, `redirect`, `menu_type`, `iframe`, `iframe_type`, `menu_status`, `meta_title`, `ignore_auth`, `ignore_keep_alive`, `affix`, `icon`, `icon_type`, `frame_src`, `transition_name`, `hide_breadcrumb`, `carry_param`, `hide_children_in_menu`, `current_active_menu`, `hide_tab`, `hide_menu`, `order_no`, `ignore_route`, `show_tag`, `type`, `content`, `dot`, `hide_path_for_children`, `button_action_tag`, `button_express`, `system_id`, `enable_delete`, `menu_sys_code`, `remark`, `button_action`) VALUES ('1546919327798181888', NULL, '/system', 'LAYOUT', 'system', '/system/rbac/user', 0, 0, NULL, 1, '系统管理', 0, 0, 0, 'ant-design:setting-outlined', 0, NULL, NULL, 0, 0, 0, NULL, 0, 0, 0, 0, 0, NULL, NULL, 0, 0, NULL, NULL, '1444196303513370624', 1, 'A002', NULL, NULL);
INSERT INTO `sys_rbac_menu` (`menu_id`, `parent_id`, `path`, `component`, `path_name`, `redirect`, `menu_type`, `iframe`, `iframe_type`, `menu_status`, `meta_title`, `ignore_auth`, `ignore_keep_alive`, `affix`, `icon`, `icon_type`, `frame_src`, `transition_name`, `hide_breadcrumb`, `carry_param`, `hide_children_in_menu`, `current_active_menu`, `hide_tab`, `hide_menu`, `order_no`, `ignore_route`, `show_tag`, `type`, `content`, `dot`, `hide_path_for_children`, `button_action_tag`, `button_express`, `system_id`, `enable_delete`, `menu_sys_code`, `remark`, `button_action`) VALUES ('1546922541696204800', '1546919327798181888', 'rbac', 'LAYOUT', 'SystemRbac', NULL, 0, 0, NULL, 1, '用户权限', 0, 0, 0, NULL, 0, NULL, NULL, 0, 0, 0, NULL, 0, 0, 1, 0, 0, NULL, NULL, 0, 0, NULL, NULL, '1444196303513370624', 1, 'A002A001', NULL, NULL);
INSERT INTO `sys_rbac_menu` (`menu_id`, `parent_id`, `path`, `component`, `path_name`, `redirect`, `menu_type`, `iframe`, `iframe_type`, `menu_status`, `meta_title`, `ignore_auth`, `ignore_keep_alive`, `affix`, `icon`, `icon_type`, `frame_src`, `transition_name`, `hide_breadcrumb`, `carry_param`, `hide_children_in_menu`, `current_active_menu`, `hide_tab`, `hide_menu`, `order_no`, `ignore_route`, `show_tag`, `type`, `content`, `dot`, `hide_path_for_children`, `button_action_tag`, `button_express`, `system_id`, `enable_delete`, `menu_sys_code`, `remark`, `button_action`) VALUES ('1546922681257476096', '1546919327798181888', 'common', 'LAYOUT', 'SystemCommon', NULL, 0, 0, NULL, 1, '基础公共', 0, 0, 0, NULL, 0, NULL, NULL, 0, 0, 0, NULL, 0, 0, 2, 0, 0, NULL, NULL, 0, 0, NULL, NULL, '1444196303513370624', 1, 'A002A002', NULL, NULL);
INSERT INTO `sys_rbac_menu` (`menu_id`, `parent_id`, `path`, `component`, `path_name`, `redirect`, `menu_type`, `iframe`, `iframe_type`, `menu_status`, `meta_title`, `ignore_auth`, `ignore_keep_alive`, `affix`, `icon`, `icon_type`, `frame_src`, `transition_name`, `hide_breadcrumb`, `carry_param`, `hide_children_in_menu`, `current_active_menu`, `hide_tab`, `hide_menu`, `order_no`, `ignore_route`, `show_tag`, `type`, `content`, `dot`, `hide_path_for_children`, `button_action_tag`, `button_express`, `system_id`, `enable_delete`, `menu_sys_code`, `remark`, `button_action`) VALUES ('1546922916935417856', '1546919327798181888', 'gateway', '/system/manage/service/index', 'GatewayManagement', NULL, 1, 0, NULL, 1, '网关管理', 0, 0, 0, NULL, 0, NULL, NULL, 0, 0, 0, NULL, 0, 0, 3, 0, 0, NULL, NULL, 0, 0, NULL, NULL, '1444196303513370624', 1, 'A002A003', NULL, NULL);
INSERT INTO `sys_rbac_menu` (`menu_id`, `parent_id`, `path`, `component`, `path_name`, `redirect`, `menu_type`, `iframe`, `iframe_type`, `menu_status`, `meta_title`, `ignore_auth`, `ignore_keep_alive`, `affix`, `icon`, `icon_type`, `frame_src`, `transition_name`, `hide_breadcrumb`, `carry_param`, `hide_children_in_menu`, `current_active_menu`, `hide_tab`, `hide_menu`, `order_no`, `ignore_route`, `show_tag`, `type`, `content`, `dot`, `hide_path_for_children`, `button_action_tag`, `button_express`, `system_id`, `enable_delete`, `menu_sys_code`, `remark`, `button_action`) VALUES ('1546923184435544064', '1546922541696204800', 'user', '/system/rbac/user/index', 'UserManagement', NULL, 1, 0, NULL, 1, '用户管理', 0, 0, 0, NULL, 0, NULL, NULL, 0, 0, 0, NULL, 0, 0, 0, 0, 0, NULL, NULL, 0, 0, NULL, NULL, '1444196303513370624', 1, 'A002A001A001', NULL, NULL);
INSERT INTO `sys_rbac_menu` (`menu_id`, `parent_id`, `path`, `component`, `path_name`, `redirect`, `menu_type`, `iframe`, `iframe_type`, `menu_status`, `meta_title`, `ignore_auth`, `ignore_keep_alive`, `affix`, `icon`, `icon_type`, `frame_src`, `transition_name`, `hide_breadcrumb`, `carry_param`, `hide_children_in_menu`, `current_active_menu`, `hide_tab`, `hide_menu`, `order_no`, `ignore_route`, `show_tag`, `type`, `content`, `dot`, `hide_path_for_children`, `button_action_tag`, `button_express`, `system_id`, `enable_delete`, `menu_sys_code`, `remark`, `button_action`) VALUES ('1546923337762521088', '1546922541696204800', 'role', '/system/rbac/role/index', 'RoleManagement', NULL, 1, 0, NULL, 1, '角色管理', 0, 0, 0, NULL, 0, NULL, NULL, 0, 0, 0, NULL, 0, 0, 1, 0, 0, NULL, NULL, 0, 0, NULL, NULL, '1444196303513370624', 1, 'A002A001A002', NULL, NULL);
INSERT INTO `sys_rbac_menu` (`menu_id`, `parent_id`, `path`, `component`, `path_name`, `redirect`, `menu_type`, `iframe`, `iframe_type`, `menu_status`, `meta_title`, `ignore_auth`, `ignore_keep_alive`, `affix`, `icon`, `icon_type`, `frame_src`, `transition_name`, `hide_breadcrumb`, `carry_param`, `hide_children_in_menu`, `current_active_menu`, `hide_tab`, `hide_menu`, `order_no`, `ignore_route`, `show_tag`, `type`, `content`, `dot`, `hide_path_for_children`, `button_action_tag`, `button_express`, `system_id`, `enable_delete`, `menu_sys_code`, `remark`, `button_action`) VALUES ('1546923462807306240', '1546922541696204800', 'org', '/system/rbac/org/index', 'OrgManagement', NULL, 1, 0, NULL, 1, '机构管理', 0, 0, 0, NULL, 0, NULL, NULL, 0, 0, 0, NULL, 0, 0, 2, 0, 0, NULL, NULL, 0, 0, NULL, NULL, '1444196303513370624', 1, 'A002A001A003', NULL, NULL);
INSERT INTO `sys_rbac_menu` (`menu_id`, `parent_id`, `path`, `component`, `path_name`, `redirect`, `menu_type`, `iframe`, `iframe_type`, `menu_status`, `meta_title`, `ignore_auth`, `ignore_keep_alive`, `affix`, `icon`, `icon_type`, `frame_src`, `transition_name`, `hide_breadcrumb`, `carry_param`, `hide_children_in_menu`, `current_active_menu`, `hide_tab`, `hide_menu`, `order_no`, `ignore_route`, `show_tag`, `type`, `content`, `dot`, `hide_path_for_children`, `button_action_tag`, `button_express`, `system_id`, `enable_delete`, `menu_sys_code`, `remark`, `button_action`) VALUES ('1546923584584728576', '1546922541696204800', 'position', '/system/rbac/position/index', 'PositionManagement', NULL, 1, 0, NULL, 1, '职位管理', 0, 0, 0, NULL, 0, NULL, NULL, 0, 0, 0, NULL, 0, 0, 4, 0, 0, NULL, NULL, 0, 0, NULL, NULL, '1444196303513370624', 1, 'A002A001A004', NULL, NULL);
INSERT INTO `sys_rbac_menu` (`menu_id`, `parent_id`, `path`, `component`, `path_name`, `redirect`, `menu_type`, `iframe`, `iframe_type`, `menu_status`, `meta_title`, `ignore_auth`, `ignore_keep_alive`, `affix`, `icon`, `icon_type`, `frame_src`, `transition_name`, `hide_breadcrumb`, `carry_param`, `hide_children_in_menu`, `current_active_menu`, `hide_tab`, `hide_menu`, `order_no`, `ignore_route`, `show_tag`, `type`, `content`, `dot`, `hide_path_for_children`, `button_action_tag`, `button_express`, `system_id`, `enable_delete`, `menu_sys_code`, `remark`, `button_action`) VALUES ('1546923746300313600', '1546922541696204800', 'menu', '/system/rbac/menu/index', 'MenuManagement', NULL, 1, 0, NULL, 1, '菜单管理', 0, 0, 0, NULL, 0, NULL, NULL, 0, 0, 0, NULL, 0, 0, 3, 0, 0, NULL, NULL, 0, 0, NULL, NULL, '1444196303513370624', 1, 'A002A001A005', NULL, NULL);
INSERT INTO `sys_rbac_menu` (`menu_id`, `parent_id`, `path`, `component`, `path_name`, `redirect`, `menu_type`, `iframe`, `iframe_type`, `menu_status`, `meta_title`, `ignore_auth`, `ignore_keep_alive`, `affix`, `icon`, `icon_type`, `frame_src`, `transition_name`, `hide_breadcrumb`, `carry_param`, `hide_children_in_menu`, `current_active_menu`, `hide_tab`, `hide_menu`, `order_no`, `ignore_route`, `show_tag`, `type`, `content`, `dot`, `hide_path_for_children`, `button_action_tag`, `button_express`, `system_id`, `enable_delete`, `menu_sys_code`, `remark`, `button_action`) VALUES ('1546923861752725504', '1546922541696204800', 'system', '/system/rbac/system/index', 'SystemManagement', NULL, 1, 0, NULL, 1, '系统管理', 0, 0, 0, NULL, 0, NULL, NULL, 0, 0, 0, NULL, 0, 0, 8, 0, 0, NULL, NULL, 0, 0, NULL, NULL, '1444196303513370624', 1, 'A002A001A006', NULL, NULL);
INSERT INTO `sys_rbac_menu` (`menu_id`, `parent_id`, `path`, `component`, `path_name`, `redirect`, `menu_type`, `iframe`, `iframe_type`, `menu_status`, `meta_title`, `ignore_auth`, `ignore_keep_alive`, `affix`, `icon`, `icon_type`, `frame_src`, `transition_name`, `hide_breadcrumb`, `carry_param`, `hide_children_in_menu`, `current_active_menu`, `hide_tab`, `hide_menu`, `order_no`, `ignore_route`, `show_tag`, `type`, `content`, `dot`, `hide_path_for_children`, `button_action_tag`, `button_express`, `system_id`, `enable_delete`, `menu_sys_code`, `remark`, `button_action`) VALUES ('1546923995911733248', '1546922541696204800', 'client', '/system/rbac/client/index', 'ClientManagement', NULL, 1, 0, NULL, 1, '客户端管理', 0, 0, 0, NULL, 0, NULL, NULL, 0, 0, 0, NULL, 0, 0, 5, 0, 0, NULL, NULL, 0, 0, NULL, NULL, '1444196303513370624', 1, 'A002A001A007', NULL, NULL);
INSERT INTO `sys_rbac_menu` (`menu_id`, `parent_id`, `path`, `component`, `path_name`, `redirect`, `menu_type`, `iframe`, `iframe_type`, `menu_status`, `meta_title`, `ignore_auth`, `ignore_keep_alive`, `affix`, `icon`, `icon_type`, `frame_src`, `transition_name`, `hide_breadcrumb`, `carry_param`, `hide_children_in_menu`, `current_active_menu`, `hide_tab`, `hide_menu`, `order_no`, `ignore_route`, `show_tag`, `type`, `content`, `dot`, `hide_path_for_children`, `button_action_tag`, `button_express`, `system_id`, `enable_delete`, `menu_sys_code`, `remark`, `button_action`) VALUES ('1546924400783704064', '1546922681257476096', 'dict', '/system/common/dict/index', 'DictManage', NULL, 1, 0, NULL, 1, '字典管理', 0, 0, 0, NULL, 0, NULL, NULL, 0, 0, 0, NULL, 0, 0, 0, 0, 0, NULL, NULL, 0, 0, NULL, NULL, '1444196303513370624', 1, 'A002A002A001', NULL, NULL);
INSERT INTO `sys_rbac_menu` (`menu_id`, `parent_id`, `path`, `component`, `path_name`, `redirect`, `menu_type`, `iframe`, `iframe_type`, `menu_status`, `meta_title`, `ignore_auth`, `ignore_keep_alive`, `affix`, `icon`, `icon_type`, `frame_src`, `transition_name`, `hide_breadcrumb`, `carry_param`, `hide_children_in_menu`, `current_active_menu`, `hide_tab`, `hide_menu`, `order_no`, `ignore_route`, `show_tag`, `type`, `content`, `dot`, `hide_path_for_children`, `button_action_tag`, `button_express`, `system_id`, `enable_delete`, `menu_sys_code`, `remark`, `button_action`) VALUES ('1546924548666474496', '1546922681257476096', 'constant-dict', '/system/common/constant-dict/index', 'ConstantDictManagement', NULL, 1, 0, NULL, 1, '常量字典', 0, 0, 0, NULL, 0, NULL, NULL, 0, 0, 0, NULL, 0, 0, 3, 0, 0, NULL, NULL, 0, 0, NULL, NULL, '1444196303513370624', 1, 'A002A002A002', NULL, NULL);
INSERT INTO `sys_rbac_menu` (`menu_id`, `parent_id`, `path`, `component`, `path_name`, `redirect`, `menu_type`, `iframe`, `iframe_type`, `menu_status`, `meta_title`, `ignore_auth`, `ignore_keep_alive`, `affix`, `icon`, `icon_type`, `frame_src`, `transition_name`, `hide_breadcrumb`, `carry_param`, `hide_children_in_menu`, `current_active_menu`, `hide_tab`, `hide_menu`, `order_no`, `ignore_route`, `show_tag`, `type`, `content`, `dot`, `hide_path_for_children`, `button_action_tag`, `button_express`, `system_id`, `enable_delete`, `menu_sys_code`, `remark`, `button_action`) VALUES ('1546924691948093440', '1546922681257476096', 'category', '/system/common/category/index', 'CategoryManagement', NULL, 1, 0, NULL, 1, '分类字典', 0, 0, 0, NULL, 0, NULL, NULL, 0, 0, 0, NULL, 0, 0, 1, 0, 0, NULL, NULL, 0, 0, NULL, NULL, '1444196303513370624', 1, 'A002A002A003', NULL, NULL);
INSERT INTO `sys_rbac_menu` (`menu_id`, `parent_id`, `path`, `component`, `path_name`, `redirect`, `menu_type`, `iframe`, `iframe_type`, `menu_status`, `meta_title`, `ignore_auth`, `ignore_keep_alive`, `affix`, `icon`, `icon_type`, `frame_src`, `transition_name`, `hide_breadcrumb`, `carry_param`, `hide_children_in_menu`, `current_active_menu`, `hide_tab`, `hide_menu`, `order_no`, `ignore_route`, `show_tag`, `type`, `content`, `dot`, `hide_path_for_children`, `button_action_tag`, `button_express`, `system_id`, `enable_delete`, `menu_sys_code`, `remark`, `button_action`) VALUES ('1546924802795159552', '1546922681257476096', 'area', '/system/common/area/index', 'AreaManagement', NULL, 1, 0, NULL, 1, '区域管理', 0, 0, 0, NULL, 0, NULL, NULL, 0, 0, 0, NULL, 0, 0, 2, 0, 0, NULL, NULL, 0, 0, NULL, NULL, '1444196303513370624', 1, 'A002A002A004', NULL, NULL);
INSERT INTO `sys_rbac_menu` (`menu_id`, `parent_id`, `path`, `component`, `path_name`, `redirect`, `menu_type`, `iframe`, `iframe_type`, `menu_status`, `meta_title`, `ignore_auth`, `ignore_keep_alive`, `affix`, `icon`, `icon_type`, `frame_src`, `transition_name`, `hide_breadcrumb`, `carry_param`, `hide_children_in_menu`, `current_active_menu`, `hide_tab`, `hide_menu`, `order_no`, `ignore_route`, `show_tag`, `type`, `content`, `dot`, `hide_path_for_children`, `button_action_tag`, `button_express`, `system_id`, `enable_delete`, `menu_sys_code`, `remark`, `button_action`) VALUES ('1546930285941669888', NULL, '/user', 'LAYOUT', 'user', NULL, 0, 0, NULL, 1, '个人页', 0, 0, 0, 'ant-design:user-outlined', 0, NULL, NULL, 0, 0, 0, NULL, 0, 0, 600, 0, 0, NULL, NULL, 0, 0, NULL, NULL, '1444196303513370624', 1, 'A003', NULL, NULL);
INSERT INTO `sys_rbac_menu` (`menu_id`, `parent_id`, `path`, `component`, `path_name`, `redirect`, `menu_type`, `iframe`, `iframe_type`, `menu_status`, `meta_title`, `ignore_auth`, `ignore_keep_alive`, `affix`, `icon`, `icon_type`, `frame_src`, `transition_name`, `hide_breadcrumb`, `carry_param`, `hide_children_in_menu`, `current_active_menu`, `hide_tab`, `hide_menu`, `order_no`, `ignore_route`, `show_tag`, `type`, `content`, `dot`, `hide_path_for_children`, `button_action_tag`, `button_express`, `system_id`, `enable_delete`, `menu_sys_code`, `remark`, `button_action`) VALUES ('1546930516141850624', '1546930285941669888', 'center', '/sys/account/center/index', 'Center', NULL, 1, 0, NULL, 1, '个人中心', 0, 0, 0, NULL, 0, NULL, NULL, 0, 0, 0, NULL, 0, 0, 0, 0, 0, NULL, NULL, 0, 0, NULL, NULL, '1444196303513370624', 1, 'A003A001', NULL, NULL);
INSERT INTO `sys_rbac_menu` (`menu_id`, `parent_id`, `path`, `component`, `path_name`, `redirect`, `menu_type`, `iframe`, `iframe_type`, `menu_status`, `meta_title`, `ignore_auth`, `ignore_keep_alive`, `affix`, `icon`, `icon_type`, `frame_src`, `transition_name`, `hide_breadcrumb`, `carry_param`, `hide_children_in_menu`, `current_active_menu`, `hide_tab`, `hide_menu`, `order_no`, `ignore_route`, `show_tag`, `type`, `content`, `dot`, `hide_path_for_children`, `button_action_tag`, `button_express`, `system_id`, `enable_delete`, `menu_sys_code`, `remark`, `button_action`) VALUES ('1546930762427187200', '1546930285941669888', 'setting', '/sys/account/setting/index', 'Setting', NULL, 1, 0, NULL, 1, '个人设置', 0, 0, 0, NULL, 0, NULL, NULL, 0, 0, 0, NULL, 0, 0, 1, 0, 0, NULL, NULL, 0, 0, NULL, NULL, '1444196303513370624', 1, 'A003A002', NULL, NULL);
INSERT INTO `sys_rbac_menu` (`menu_id`, `parent_id`, `path`, `component`, `path_name`, `redirect`, `menu_type`, `iframe`, `iframe_type`, `menu_status`, `meta_title`, `ignore_auth`, `ignore_keep_alive`, `affix`, `icon`, `icon_type`, `frame_src`, `transition_name`, `hide_breadcrumb`, `carry_param`, `hide_children_in_menu`, `current_active_menu`, `hide_tab`, `hide_menu`, `order_no`, `ignore_route`, `show_tag`, `type`, `content`, `dot`, `hide_path_for_children`, `button_action_tag`, `button_express`, `system_id`, `enable_delete`, `menu_sys_code`, `remark`, `button_action`) VALUES ('1546931111204536320', NULL, '/storage', 'LAYOUT', 'Storage', '/storage/local', 0, 0, NULL, 1, '存储管理', 0, 0, 0, 'ant-design:database-outlined', 0, NULL, NULL, 0, 0, 0, NULL, 0, 0, 4, 0, 0, NULL, NULL, 0, 0, NULL, NULL, '1444196303513370624', 1, 'A004', NULL, NULL);
INSERT INTO `sys_rbac_menu` (`menu_id`, `parent_id`, `path`, `component`, `path_name`, `redirect`, `menu_type`, `iframe`, `iframe_type`, `menu_status`, `meta_title`, `ignore_auth`, `ignore_keep_alive`, `affix`, `icon`, `icon_type`, `frame_src`, `transition_name`, `hide_breadcrumb`, `carry_param`, `hide_children_in_menu`, `current_active_menu`, `hide_tab`, `hide_menu`, `order_no`, `ignore_route`, `show_tag`, `type`, `content`, `dot`, `hide_path_for_children`, `button_action_tag`, `button_express`, `system_id`, `enable_delete`, `menu_sys_code`, `remark`, `button_action`) VALUES ('1546932587251417088', '1546931111204536320', 'local', '/storage/local/index', 'LocalManage', NULL, 1, 0, NULL, 1, '本地存储管理', 0, 0, 0, NULL, 0, NULL, NULL, 0, 0, 0, NULL, 0, 0, 0, 0, 0, NULL, NULL, 0, 0, NULL, NULL, '1444196303513370624', 1, 'A004A001', NULL, NULL);
INSERT INTO `sys_rbac_menu` (`menu_id`, `parent_id`, `path`, `component`, `path_name`, `redirect`, `menu_type`, `iframe`, `iframe_type`, `menu_status`, `meta_title`, `ignore_auth`, `ignore_keep_alive`, `affix`, `icon`, `icon_type`, `frame_src`, `transition_name`, `hide_breadcrumb`, `carry_param`, `hide_children_in_menu`, `current_active_menu`, `hide_tab`, `hide_menu`, `order_no`, `ignore_route`, `show_tag`, `type`, `content`, `dot`, `hide_path_for_children`, `button_action_tag`, `button_express`, `system_id`, `enable_delete`, `menu_sys_code`, `remark`, `button_action`) VALUES ('1546938826400251904', '1546931111204536320', 'oss', '/storage/oss/index', 'OssManagement', NULL, 1, 0, NULL, 1, 'Oss存储管理', 0, 0, 0, NULL, 0, NULL, NULL, 0, 0, 0, NULL, 0, 0, 1, 0, 0, NULL, NULL, 0, 0, NULL, NULL, '1444196303513370624', 1, 'A004A002', NULL, NULL);
INSERT INTO `sys_rbac_menu` (`menu_id`, `parent_id`, `path`, `component`, `path_name`, `redirect`, `menu_type`, `iframe`, `iframe_type`, `menu_status`, `meta_title`, `ignore_auth`, `ignore_keep_alive`, `affix`, `icon`, `icon_type`, `frame_src`, `transition_name`, `hide_breadcrumb`, `carry_param`, `hide_children_in_menu`, `current_active_menu`, `hide_tab`, `hide_menu`, `order_no`, `ignore_route`, `show_tag`, `type`, `content`, `dot`, `hide_path_for_children`, `button_action_tag`, `button_express`, `system_id`, `enable_delete`, `menu_sys_code`, `remark`, `button_action`) VALUES ('1546939026636324864', NULL, '/logging', 'LAYOUT', 'Logging', '/logging/operatelog', 0, 0, NULL, 1, '日志管理', 0, 0, 0, 'ant-design:right-square-outlined', 0, NULL, NULL, 0, 0, 0, NULL, 0, 0, 5, 0, 0, NULL, NULL, 0, 0, NULL, NULL, '1444196303513370624', 1, 'A005', NULL, NULL);
INSERT INTO `sys_rbac_menu` (`menu_id`, `parent_id`, `path`, `component`, `path_name`, `redirect`, `menu_type`, `iframe`, `iframe_type`, `menu_status`, `meta_title`, `ignore_auth`, `ignore_keep_alive`, `affix`, `icon`, `icon_type`, `frame_src`, `transition_name`, `hide_breadcrumb`, `carry_param`, `hide_children_in_menu`, `current_active_menu`, `hide_tab`, `hide_menu`, `order_no`, `ignore_route`, `show_tag`, `type`, `content`, `dot`, `hide_path_for_children`, `button_action_tag`, `button_express`, `system_id`, `enable_delete`, `menu_sys_code`, `remark`, `button_action`) VALUES ('1546939158333276160', '1546939026636324864', 'operatelog', '/logging/operate/index', 'OperateLog', NULL, 1, 0, NULL, 1, '操作日志', 0, 0, 0, NULL, 0, NULL, NULL, 0, 0, 0, NULL, 0, 0, 0, 0, 0, NULL, NULL, 0, 0, NULL, NULL, '1444196303513370624', 1, 'A005A001', NULL, NULL);
INSERT INTO `sys_rbac_menu` (`menu_id`, `parent_id`, `path`, `component`, `path_name`, `redirect`, `menu_type`, `iframe`, `iframe_type`, `menu_status`, `meta_title`, `ignore_auth`, `ignore_keep_alive`, `affix`, `icon`, `icon_type`, `frame_src`, `transition_name`, `hide_breadcrumb`, `carry_param`, `hide_children_in_menu`, `current_active_menu`, `hide_tab`, `hide_menu`, `order_no`, `ignore_route`, `show_tag`, `type`, `content`, `dot`, `hide_path_for_children`, `button_action_tag`, `button_express`, `system_id`, `enable_delete`, `menu_sys_code`, `remark`, `button_action`) VALUES ('1546939297273790464', '1546939026636324864', 'authlog', '/logging/auth/index', 'AuthLog', NULL, 1, 0, NULL, 1, '授权日志', 0, 0, 0, NULL, 0, NULL, NULL, 0, 0, 0, NULL, 0, 0, 1, 0, 0, NULL, NULL, 0, 0, NULL, NULL, '1444196303513370624', 1, 'A005A002', NULL, NULL);
INSERT INTO `sys_rbac_menu` (`menu_id`, `parent_id`, `path`, `component`, `path_name`, `redirect`, `menu_type`, `iframe`, `iframe_type`, `menu_status`, `meta_title`, `ignore_auth`, `ignore_keep_alive`, `affix`, `icon`, `icon_type`, `frame_src`, `transition_name`, `hide_breadcrumb`, `carry_param`, `hide_children_in_menu`, `current_active_menu`, `hide_tab`, `hide_menu`, `order_no`, `ignore_route`, `show_tag`, `type`, `content`, `dot`, `hide_path_for_children`, `button_action_tag`, `button_express`, `system_id`, `enable_delete`, `menu_sys_code`, `remark`, `button_action`) VALUES ('1546940211841777664', NULL, '/message', 'LAYOUT', 'message', '/message/record', 0, 0, NULL, 1, '消息管理', 0, 0, 0, 'ant-design:bell-outlined', 0, NULL, NULL, 0, 0, 0, NULL, 0, 0, 3, 0, 0, NULL, NULL, 0, 0, NULL, NULL, '1444196303513370624', 1, 'A007', NULL, NULL);
INSERT INTO `sys_rbac_menu` (`menu_id`, `parent_id`, `path`, `component`, `path_name`, `redirect`, `menu_type`, `iframe`, `iframe_type`, `menu_status`, `meta_title`, `ignore_auth`, `ignore_keep_alive`, `affix`, `icon`, `icon_type`, `frame_src`, `transition_name`, `hide_breadcrumb`, `carry_param`, `hide_children_in_menu`, `current_active_menu`, `hide_tab`, `hide_menu`, `order_no`, `ignore_route`, `show_tag`, `type`, `content`, `dot`, `hide_path_for_children`, `button_action_tag`, `button_express`, `system_id`, `enable_delete`, `menu_sys_code`, `remark`, `button_action`) VALUES ('1546940326883147776', '1546940211841777664', 'record', '/message/record/index', 'RecordManage', NULL, 1, 0, NULL, 1, '发送记录', 0, 0, 0, NULL, 0, NULL, NULL, 0, 0, 0, NULL, 0, 0, 1, 0, 0, NULL, NULL, 0, 0, NULL, NULL, '1444196303513370624', 1, 'A007A001', NULL, NULL);
INSERT INTO `sys_rbac_menu` (`menu_id`, `parent_id`, `path`, `component`, `path_name`, `redirect`, `menu_type`, `iframe`, `iframe_type`, `menu_status`, `meta_title`, `ignore_auth`, `ignore_keep_alive`, `affix`, `icon`, `icon_type`, `frame_src`, `transition_name`, `hide_breadcrumb`, `carry_param`, `hide_children_in_menu`, `current_active_menu`, `hide_tab`, `hide_menu`, `order_no`, `ignore_route`, `show_tag`, `type`, `content`, `dot`, `hide_path_for_children`, `button_action_tag`, `button_express`, `system_id`, `enable_delete`, `menu_sys_code`, `remark`, `button_action`) VALUES ('1546940433351360512', '1546940211841777664', 'announcement', '/message/announcement/index', 'AnnouncementManagement', NULL, 1, 0, NULL, 1, '通知公告', 0, 0, 0, NULL, 0, NULL, NULL, 0, 0, 0, NULL, 0, 0, 2, 0, 0, NULL, NULL, 0, 0, NULL, NULL, '1444196303513370624', 1, 'A007A002', NULL, NULL);
INSERT INTO `sys_rbac_menu` (`menu_id`, `parent_id`, `path`, `component`, `path_name`, `redirect`, `menu_type`, `iframe`, `iframe_type`, `menu_status`, `meta_title`, `ignore_auth`, `ignore_keep_alive`, `affix`, `icon`, `icon_type`, `frame_src`, `transition_name`, `hide_breadcrumb`, `carry_param`, `hide_children_in_menu`, `current_active_menu`, `hide_tab`, `hide_menu`, `order_no`, `ignore_route`, `show_tag`, `type`, `content`, `dot`, `hide_path_for_children`, `button_action_tag`, `button_express`, `system_id`, `enable_delete`, `menu_sys_code`, `remark`, `button_action`) VALUES ('1546940544353615872', '1546940211841777664', 'template', '/message/template/index', 'TemplateManagement', NULL, 1, 0, NULL, 1, '消息模板', 0, 0, 0, NULL, 0, NULL, NULL, 0, 0, 0, NULL, 0, 0, 0, 0, 0, NULL, NULL, 0, 0, NULL, NULL, '1444196303513370624', 1, 'A007A003', NULL, NULL);
INSERT INTO `sys_rbac_menu` (`menu_id`, `parent_id`, `path`, `component`, `path_name`, `redirect`, `menu_type`, `iframe`, `iframe_type`, `menu_status`, `meta_title`, `ignore_auth`, `ignore_keep_alive`, `affix`, `icon`, `icon_type`, `frame_src`, `transition_name`, `hide_breadcrumb`, `carry_param`, `hide_children_in_menu`, `current_active_menu`, `hide_tab`, `hide_menu`, `order_no`, `ignore_route`, `show_tag`, `type`, `content`, `dot`, `hide_path_for_children`, `button_action_tag`, `button_express`, `system_id`, `enable_delete`, `menu_sys_code`, `remark`, `button_action`) VALUES ('1547033603561013248', NULL, '/process', 'LAYOUT', 'Process', NULL, 0, 0, NULL, 1, '流程中心', 0, 0, 0, 'ant-design:cluster-outline', 0, NULL, NULL, 0, 0, 0, NULL, 0, 0, 1, 0, 0, NULL, NULL, 0, 0, NULL, NULL, '1444196303513370624', 1, 'A008', NULL, NULL);
INSERT INTO `sys_rbac_menu` (`menu_id`, `parent_id`, `path`, `component`, `path_name`, `redirect`, `menu_type`, `iframe`, `iframe_type`, `menu_status`, `meta_title`, `ignore_auth`, `ignore_keep_alive`, `affix`, `icon`, `icon_type`, `frame_src`, `transition_name`, `hide_breadcrumb`, `carry_param`, `hide_children_in_menu`, `current_active_menu`, `hide_tab`, `hide_menu`, `order_no`, `ignore_route`, `show_tag`, `type`, `content`, `dot`, `hide_path_for_children`, `button_action_tag`, `button_express`, `system_id`, `enable_delete`, `menu_sys_code`, `remark`, `button_action`) VALUES ('1547033794494119936', '1547033603561013248', 'business', 'LAYOUT', 'ProcessBusiness', '/process/business/process-market', 0, 0, NULL, 1, '审批办公', 0, 0, 0, 'ant-design:cluster-outline', 0, NULL, NULL, 0, 0, 0, NULL, 0, 0, 0, 0, 0, NULL, NULL, 0, 0, NULL, NULL, '1444196303513370624', 1, 'A008A001', NULL, NULL);
INSERT INTO `sys_rbac_menu` (`menu_id`, `parent_id`, `path`, `component`, `path_name`, `redirect`, `menu_type`, `iframe`, `iframe_type`, `menu_status`, `meta_title`, `ignore_auth`, `ignore_keep_alive`, `affix`, `icon`, `icon_type`, `frame_src`, `transition_name`, `hide_breadcrumb`, `carry_param`, `hide_children_in_menu`, `current_active_menu`, `hide_tab`, `hide_menu`, `order_no`, `ignore_route`, `show_tag`, `type`, `content`, `dot`, `hide_path_for_children`, `button_action_tag`, `button_express`, `system_id`, `enable_delete`, `menu_sys_code`, `remark`, `button_action`) VALUES ('1547034079358664704', '1547033603561013248', 'base', 'LAYOUT', 'ProcessBase', '/process/base/diagram', 0, 0, NULL, 1, '流程基础', 0, 0, 0, 'ant-design:highlight-outlined', 0, NULL, NULL, 0, 0, 0, NULL, 0, 0, 1, 0, 0, NULL, NULL, 0, 0, NULL, NULL, '1444196303513370624', 1, 'A008A002', NULL, NULL);
INSERT INTO `sys_rbac_menu` (`menu_id`, `parent_id`, `path`, `component`, `path_name`, `redirect`, `menu_type`, `iframe`, `iframe_type`, `menu_status`, `meta_title`, `ignore_auth`, `ignore_keep_alive`, `affix`, `icon`, `icon_type`, `frame_src`, `transition_name`, `hide_breadcrumb`, `carry_param`, `hide_children_in_menu`, `current_active_menu`, `hide_tab`, `hide_menu`, `order_no`, `ignore_route`, `show_tag`, `type`, `content`, `dot`, `hide_path_for_children`, `button_action_tag`, `button_express`, `system_id`, `enable_delete`, `menu_sys_code`, `remark`, `button_action`) VALUES ('1547034795598987264', '1547034079358664704', 'design-diagram', '/process/base/diagram/index', 'DesignDiagram', NULL, 1, 0, NULL, 1, '模型设计', 0, 0, 0, NULL, 0, NULL, NULL, 0, 0, 0, NULL, 0, 0, 0, 0, 0, NULL, NULL, 0, 0, NULL, NULL, '1444196303513370624', 1, 'A008A002A001', NULL, NULL);
INSERT INTO `sys_rbac_menu` (`menu_id`, `parent_id`, `path`, `component`, `path_name`, `redirect`, `menu_type`, `iframe`, `iframe_type`, `menu_status`, `meta_title`, `ignore_auth`, `ignore_keep_alive`, `affix`, `icon`, `icon_type`, `frame_src`, `transition_name`, `hide_breadcrumb`, `carry_param`, `hide_children_in_menu`, `current_active_menu`, `hide_tab`, `hide_menu`, `order_no`, `ignore_route`, `show_tag`, `type`, `content`, `dot`, `hide_path_for_children`, `button_action_tag`, `button_express`, `system_id`, `enable_delete`, `menu_sys_code`, `remark`, `button_action`) VALUES ('1547034938117242880', '1547034079358664704', 'category', '/process/base/category/index', 'DesignCategory', NULL, 1, 0, NULL, 1, '流程类别', 0, 0, 0, NULL, 0, NULL, NULL, 0, 0, 0, NULL, 0, 0, 4, 0, 0, NULL, NULL, 0, 0, NULL, NULL, '1444196303513370624', 1, 'A008A002A002', NULL, NULL);
INSERT INTO `sys_rbac_menu` (`menu_id`, `parent_id`, `path`, `component`, `path_name`, `redirect`, `menu_type`, `iframe`, `iframe_type`, `menu_status`, `meta_title`, `ignore_auth`, `ignore_keep_alive`, `affix`, `icon`, `icon_type`, `frame_src`, `transition_name`, `hide_breadcrumb`, `carry_param`, `hide_children_in_menu`, `current_active_menu`, `hide_tab`, `hide_menu`, `order_no`, `ignore_route`, `show_tag`, `type`, `content`, `dot`, `hide_path_for_children`, `button_action_tag`, `button_express`, `system_id`, `enable_delete`, `menu_sys_code`, `remark`, `button_action`) VALUES ('1547035746300903424', '1547033794494119936', 'process-market', '/process/business/market/index', 'ProcessMarket', NULL, 1, 0, NULL, 1, '流程市场', 0, 0, 0, NULL, 0, NULL, NULL, 0, 0, 0, NULL, 0, 0, 0, 0, 0, NULL, NULL, 0, 0, NULL, NULL, '1444196303513370624', 1, 'A008A001A001', NULL, NULL);
COMMIT;













-- @formatter:off
